{"cameraMode":{"drawMode":0,"name":"Shaded","section":"Shading Mode"},"sceneLighting":true,"audioPlay":false,"sceneViewState":{"m_AlwaysRefresh":false,"showFog":true,"showSkybox":true,"showFlares":true,"showImageEffects":true,"showParticleSystems":true,"showVisualEffectGraphs":true,"m_FxEnabled":true},"in2DMode":false,"pivot":{"x":0.8804736137390137,"y":1.9449000358581544,"z":-3.1082968711853029},"rotation":{"x":-0.0761062502861023,"y":0.016446946188807489,"z":0.001255473354831338,"w":0.9969605207443237},"size":3.8332138061523439,"orthographic":false}