{"cameraMode":{"drawMode":0,"name":"Shaded","section":"Shading Mode"},"sceneLighting":true,"audioPlay":false,"sceneViewState":{"m_AlwaysRefresh":false,"showFog":true,"showSkybox":true,"showFlares":true,"showImageEffects":true,"showParticleSystems":true,"showVisualEffectGraphs":true,"m_FxEnabled":true},"in2DMode":false,"pivot":{"x":59.153038024902347,"y":2.0003130435943605,"z":53.04661178588867},"rotation":{"x":0.25976255536079409,"y":0.6033080816268921,"z":-0.21702554821968079,"w":0.7221226692199707},"size":1.8874585628509522,"orthographic":false}